juan,123,gratuita
juan,123,gratuita
gadiel,314,premium
juan,123,gratuita
juan,123,gratuita
gadiel,314,premium
juan,123,gratuita
juan,123,gratuita
gadiel,314,premium
juan,123,gratuita
juan,123,gratuita
gadiel,314,premium
juan,123,gratuita
juan,123,gratuita
gadiel,314,premium
juan,123,gratuita
juan,123,gratuita
gadiel,314,premium
juan,123,gratuita
juan,123,gratuita
gadiel,314,premium
juan,123,gratuita
juan,123,gratuita
gadiel,314,premium
juan,123,gratuita
juan,123,gratuita
gadiel,314,premium
juan,123,gratuita
juan,123,gratuita
gadiel,314,premium
juan,123,gratuita
juan,123,gratuita
gadiel,314,premium
juan,123,gratuita
juan,123,gratuita
gadiel,314,premium
juan,123,gratuita
juan,123,gratuita
gadiel,314,premium
juan,123,gratuita
juan,123,gratuita
gadiel,314,premium
juan,123,gratuita
juan,123,gratuita
gadiel,314,premium
juan,123,gratuita
juan,123,gratuita
gadiel,314,premium
juan,123,gratuita
juan,123,gratuita
gadiel,314,premium
juan,123,gratuita
juan,123,gratuita
gadiel,314,premium
juan,123,gratuita
juan,123,gratuita
gadiel,314,premium
juan,123,gratuita
juan,123,gratuita
gadiel,314,premium
juan,123,gratuita
juan,123,gratuita
gadiel,314,premium
juan,123,gratuita
juan,123,gratuita
gadiel,314,premium
juan,123,gratuita
juan,123,gratuita
gadiel,314,premium
juan,123,gratuita
juan,123,gratuita
gadiel,314,premium
juan,123,gratuita
juan,123,gratuita
gadiel,314,premium
juan,123,gratuita
juan,123,gratuita
gadiel,314,premium
juan,123,gratuita
juan,123,gratuita
gadiel,314,premium
juan,123,gratuita
juan,123,gratuita
gadiel,314,premium
juan,123,gratuita
juan,123,gratuita
gadiel,314,premium
juan,123,gratuita
juan,123,gratuita
gadiel,314,premium
juan,123,gratuita
juan,123,gratuita
gadiel,314,premium
juan,123,gratuita
juan,123,gratuita
gadiel,314,premium
juan,123,gratuita
juan,123,gratuita
gadiel,314,premium
juan,123,gratuita
juan,123,gratuita
gadiel,314,premium
juan,123,gratuita
juan,123,gratuita
gadiel,314,premium
juan,123,gratuita
juan,123,gratuita
gadiel,314,premium
juan,123,gratuita
juan,123,gratuita
gadiel,314,premium
juan,123,gratuita
juan,123,gratuita
gadiel,314,premium
juan,123,gratuita
juan,123,gratuita
gadiel,314,premium
juan,123,gratuita
juan,123,gratuita
gadiel,314,premium
juan,123,gratuita
juan,123,gratuita
gadiel,314,premium
juan,123,gratuita
juan,123,gratuita
gadiel,314,premium
juan,123,gratuita
juan,123,gratuita
gadiel,314,premium
juan,123,gratuita
juan,123,gratuita
gadiel,314,premium
juan,123,gratuita
juan,123,gratuita
gadiel,314,premium
juan,123,gratuita
juan,123,gratuita
gadiel,314,premium
juan,123,gratuita
juan,123,gratuita
gadiel,314,premium
juan,123,gratuita
juan,123,gratuita
gadiel,314,premium
juan,123,gratuita
juan,123,gratuita
gadiel,314,premium
juan,123,gratuita
juan,123,gratuita
gadiel,314,premium
juan,123,gratuita
juan,123,gratuita
gadiel,314,premium
juan,123,gratuita
juan,123,gratuita
gadiel,314,premium
juan,123,gratuita
juan,123,gratuita
gadiel,314,premium
juan,123,gratuita
juan,123,gratuita
gadiel,314,premium
juan,123,gratuita
juan,123,gratuita
gadiel,314,premium
juan,123,gratuita
juan,123,gratuita
gadiel,314,premium
juan,123,gratuita
juan,123,gratuita
gadiel,314,premium
juan,123,gratuita
juan,123,gratuita
gadiel,314,premium
juan,123,gratuita
juan,123,gratuita
gadiel,314,premium
juan,123,gratuita
juan,123,gratuita
gadiel,314,premium
juan,123,gratuita
juan,123,gratuita
gadiel,314,premium
juan,123,gratuita
juan,123,gratuita
gadiel,314,premium
juan,123,gratuita
juan,123,gratuita
gadiel,314,premium
juan,123,gratuita
juan,123,gratuita
gadiel,314,premium
juan,123,gratuita
juan,123,gratuita
gadiel,314,premium
juan,123,gratuita
juan,123,gratuita
gadiel,314,premium
juan,123,gratuita
juan,123,gratuita
gadiel,314,premium
juan,123,gratuita
juan,123,gratuita
gadiel,314,premium
juan,123,gratuita
juan,123,gratuita
gadiel,314,premium
juan,123,gratuita
juan,123,gratuita
gadiel,314,premium
juan,123,gratuita
juan,123,gratuita
gadiel,314,premium
juan,123,gratuita
juan,123,gratuita
gadiel,314,premium
juan,123,gratuita
juan,123,gratuita
gadiel,314,premium
juan,123,gratuita
juan,123,gratuita
gadiel,314,premium
juan,123,gratuita
juan,123,gratuita
gadiel,314,premium
juan,123,gratuita
juan,123,gratuita
gadiel,314,premium
juan,123,gratuita
juan,123,gratuita
gadiel,314,premium
juan,123,gratuita
juan,123,gratuita
gadiel,314,premium
juan,123,gratuita
juan,123,gratuita
gadiel,314,premium
juan,123,gratuita
juan,123,gratuita
gadiel,314,premium
juan,123,gratuita
juan,123,gratuita
gadiel,314,premium
juan,123,gratuita
juan,123,gratuita
gadiel,314,premium
juan,123,gratuita
juan,123,gratuita
gadiel,314,premium
juan,123,gratuita
juan,123,gratuita
gadiel,314,premium
juan,123,gratuita
juan,123,gratuita
gadiel,314,premium
juan,123,gratuita
juan,123,gratuita
gadiel,314,premium
juan,123,gratuita
juan,123,gratuita
gadiel,314,premium
juan,123,gratuita
juan,123,gratuita
gadiel,314,premium
juan,123,gratuita
juan,123,gratuita
gadiel,314,premium
juan,123,gratuita
juan,123,gratuita
gadiel,314,premium
juan,123,gratuita
juan,123,gratuita
gadiel,314,premium
juan,123,gratuita
juan,123,gratuita
gadiel,314,premium
juan,123,gratuita
juan,123,gratuita
gadiel,314,premium
juan,123,gratuita
juan,123,gratuita
gadiel,314,premium
juan,123,gratuita
juan,123,gratuita
gadiel,314,premium
juan,123,gratuita
juan,123,gratuita
gadiel,314,premium
juan,123,gratuita
juan,123,gratuita
gadiel,314,premium
juan,123,gratuita
juan,123,gratuita
gadiel,314,premium
juan,123,gratuita
juan,123,gratuita
gadiel,314,premium
juan,123,gratuita
juan,123,gratuita
gadiel,314,premium
juan,123,gratuita
juan,123,gratuita
gadiel,314,premium
juan,123,gratuita
juan,123,gratuita
gadiel,314,premium
juan,123,gratuita
juan,123,gratuita
gadiel,314,premium
juan,123,gratuita
juan,123,gratuita
gadiel,314,premium
juan,123,gratuita
juan,123,gratuita
gadiel,314,premium
juan,123,gratuita
juan,123,gratuita
gadiel,314,premium
juan,123,gratuita
juan,123,gratuita
gadiel,314,premium
juan,123,gratuita
juan,123,gratuita
gadiel,314,premium
juan,123,gratuita
juan,123,gratuita
gadiel,314,premium
juan,123,gratuita
juan,123,gratuita
gadiel,314,premium
juan,123,gratuita
juan,123,gratuita
gadiel,314,premium
juan,123,gratuita
juan,123,gratuita
gadiel,314,premium
juan,123,gratuita
juan,123,gratuita
gadiel,314,premium
juan,123,gratuita
juan,123,gratuita
gadiel,314,premium
juan,123,gratuita
juan,123,gratuita
gadiel,314,premium
juan,123,gratuita
juan,123,gratuita
gadiel,314,premium
juan,123,gratuita
juan,123,gratuita
gadiel,314,premium
juan,123,gratuita
juan,123,gratuita
gadiel,314,premium
juan,123,gratuita
juan,123,gratuita
gadiel,314,premium
juan,123,gratuita
juan,123,gratuita
gadiel,314,premium
juan,123,gratuita
juan,123,gratuita
gadiel,314,premium
juan,123,gratuita
juan,123,gratuita
gadiel,314,premium
juan,123,gratuita
juan,123,gratuita
gadiel,314,premium
juan,123,gratuita
juan,123,gratuita
gadiel,314,premium
juan,123,gratuita
juan,123,gratuita
gadiel,314,premium
juan,123,gratuita
juan,123,gratuita
gadiel,314,premium
juan,123,gratuita
juan,123,gratuita
gadiel,314,premium
juan,123,gratuita
juan,123,gratuita
gadiel,314,premium
juan,123,gratuita
juan,123,gratuita
gadiel,314,premium
juan,123,gratuita
juan,123,gratuita
gadiel,314,premium
juan,123,gratuita
juan,123,gratuita
gadiel,314,premium
juan,123,gratuita
juan,123,gratuita
gadiel,314,premium
juan,123,gratuita
juan,123,gratuita
gadiel,314,premium
juan,123,gratuita
juan,123,gratuita
gadiel,314,premium
juan,123,gratuita
juan,123,gratuita
gadiel,314,premium
juan,123,gratuita
juan,123,gratuita
gadiel,314,premium
juan,123,gratuita
juan,123,gratuita
gadiel,314,premium
juan,123,gratuita
juan,123,gratuita
gadiel,314,premium
juan,123,gratuita
juan,123,gratuita
gadiel,314,premium
juan,123,gratuita
juan,123,gratuita
gadiel,314,premium
juan,123,gratuita
juan,123,gratuita
gadiel,314,premium
juan,123,gratuita
juan,123,gratuita
gadiel,314,premium
juan,123,gratuita
juan,123,gratuita
gadiel,314,premium
juan,123,gratuita
juan,123,gratuita
gadiel,314,premium
juan,123,gratuita
juan,123,gratuita
gadiel,314,premium
juan,123,gratuita
juan,123,gratuita
gadiel,314,premium
juan,123,gratuita
juan,123,gratuita
gadiel,314,premium
juan,123,gratuita
juan,123,gratuita
gadiel,314,premium
juan,123,gratuita
juan,123,gratuita
gadiel,314,premium
juan,123,gratuita
juan,123,gratuita
gadiel,314,premium
juan,123,gratuita
juan,123,gratuita
gadiel,314,premium
juan,123,gratuita
juan,123,gratuita
gadiel,314,premium
juan,123,gratuita
juan,123,gratuita
gadiel,314,premium
juan,123,gratuita
juan,123,gratuita
gadiel,314,premium
juan,123,gratuita
juan,123,gratuita
gadiel,314,premium
juan,123,gratuita
juan,123,gratuita
gadiel,314,premium
juan,123,gratuita
juan,123,gratuita
gadiel,314,premium
juan,123,gratuita
juan,123,gratuita
gadiel,314,premium
juan,123,gratuita
juan,123,gratuita
gadiel,314,premium
juan,123,gratuita
juan,123,gratuita
gadiel,314,premium
juan,123,gratuita
juan,123,gratuita
gadiel,314,premium
juan,123,gratuita
juan,123,gratuita
gadiel,314,premium
juan,123,gratuita
juan,123,gratuita
gadiel,314,premium
juan,123,gratuita
juan,123,gratuita
gadiel,314,premium
juan,123,gratuita
juan,123,gratuita
gadiel,314,premium
juan,123,gratuita
juan,123,gratuita
gadiel,314,premium
juan,123,gratuita
juan,123,gratuita
gadiel,314,premium
juan,123,gratuita
juan,123,gratuita
gadiel,314,premium
juan,123,gratuita
juan,123,gratuita
gadiel,314,premium
juan,123,gratuita
juan,123,gratuita
gadiel,314,premium
juan,123,gratuita
juan,123,gratuita
gadiel,314,premium
juan,123,gratuita
juan,123,gratuita
gadiel,314,premium
juan,123,gratuita
juan,123,gratuita
gadiel,314,premium
juan,123,gratuita
juan,123,gratuita
gadiel,314,premium
juan,123,gratuita
juan,123,gratuita
gadiel,314,premium
juan,123,gratuita
juan,123,gratuita
gadiel,314,premium
juan,123,gratuita
juan,123,gratuita
gadiel,314,premium
juan,123,gratuita
juan,123,gratuita
gadiel,314,premium
juan,123,gratuita
juan,123,gratuita
gadiel,314,premium
juan,123,gratuita
juan,123,gratuita
gadiel,314,premium
juan,123,gratuita
juan,123,gratuita
gadiel,314,premium
juan,123,gratuita
juan,123,gratuita
gadiel,314,premium
juan,123,gratuita
juan,123,gratuita
gadiel,314,premium
juan,123,gratuita
juan,123,gratuita
gadiel,314,premium
juan,123,gratuita
juan,123,gratuita
gadiel,314,premium
juan,123,gratuita
juan,123,gratuita
gadiel,314,premium
juan,123,gratuita
juan,123,gratuita
gadiel,314,premium
juan,123,gratuita
juan,123,gratuita
gadiel,314,premium
juan,123,gratuita
juan,123,gratuita
gadiel,314,premium
juan,123,gratuita
juan,123,gratuita
gadiel,314,premium
juan,123,gratuita
juan,123,gratuita
gadiel,314,premium
juan,123,gratuita
juan,123,gratuita
gadiel,314,premium
juan,123,gratuita
juan,123,gratuita
gadiel,314,premium
juan,123,gratuita
juan,123,gratuita
gadiel,314,premium
juan,123,gratuita
juan,123,gratuita
gadiel,314,premium
juan,123,gratuita
juan,123,gratuita
gadiel,314,premium
juan,123,gratuita
juan,123,gratuita
gadiel,314,premium
juan,123,gratuita
juan,123,gratuita
gadiel,314,premium
juan,123,gratuita
juan,123,gratuita
gadiel,314,premium
juan,123,gratuita
juan,123,gratuita
gadiel,314,premium
juan,123,gratuita
juan,123,gratuita
gadiel,314,premium
juan,123,gratuita
juan,123,gratuita
gadiel,314,premium
juan,123,gratuita
juan,123,gratuita
gadiel,314,premium
juan,123,gratuita
juan,123,gratuita
gadiel,314,premium
juan,123,gratuita
juan,123,gratuita
gadiel,314,premium
juan,123,gratuita
juan,123,gratuita
gadiel,314,premium
juan,123,gratuita
juan,123,gratuita
gadiel,314,premium
juan,123,gratuita
juan,123,gratuita
gadiel,314,premium
juan,123,gratuita
juan,123,gratuita
gadiel,314,premium
juan,123,gratuita
juan,123,gratuita
gadiel,314,premium
juan,123,gratuita
juan,123,gratuita
gadiel,314,premium
juan,123,gratuita
juan,123,gratuita
gadiel,314,premium
juan,123,gratuita
juan,123,gratuita
gadiel,314,premium
juan,123,gratuita
juan,123,gratuita
gadiel,314,premium
juan,123,gratuita
juan,123,gratuita
gadiel,314,premium
juan,123,gratuita
juan,123,gratuita
gadiel,314,premium
juan,123,gratuita
juan,123,gratuita
gadiel,314,premium
juan,123,gratuita
juan,123,gratuita
gadiel,314,premium
juan,123,gratuita
juan,123,gratuita
gadiel,314,premium
juan,123,gratuita
juan,123,gratuita
gadiel,314,premium
juan,123,gratuita
juan,123,gratuita
gadiel,314,premium
juan,123,gratuita
juan,123,gratuita
gadiel,314,premium
juan,123,gratuita
juan,123,gratuita
gadiel,314,premium
juan,123,gratuita
juan,123,gratuita
gadiel,314,premium
juan,123,gratuita
juan,123,gratuita
gadiel,314,premium
juan,123,gratuita
juan,123,gratuita
gadiel,314,premium
juan,123,gratuita
juan,123,gratuita
gadiel,314,premium
juan,123,gratuita
juan,123,gratuita
gadiel,314,premium
juan,123,gratuita
juan,123,gratuita
gadiel,314,premium
juan,123,gratuita
juan,123,gratuita
gadiel,314,premium
juan,123,gratuita
juan,123,gratuita
gadiel,314,premium
juan,123,gratuita
juan,123,gratuita
gadiel,314,premium
juan,123,gratuita
juan,123,gratuita
gadiel,314,premium
juan,123,gratuita
juan,123,gratuita
gadiel,314,premium
juan,123,gratuita
juan,123,gratuita
gadiel,314,premium
juan,123,gratuita
juan,123,gratuita
gadiel,314,premium
juan,123,gratuita
juan,123,gratuita
gadiel,314,premium
juan,123,gratuita
juan,123,gratuita
gadiel,314,premium
juan,123,gratuita
juan,123,gratuita
gadiel,314,premium
juan,123,gratuita
juan,123,gratuita
gadiel,314,premium
juan,123,gratuita
juan,123,gratuita
gadiel,314,premium
juan,123,gratuita
juan,123,gratuita
gadiel,314,premium
juan,123,gratuita
juan,123,gratuita
gadiel,314,premium
juan,123,gratuita
juan,123,gratuita
gadiel,314,premium
juan,123,gratuita
juan,123,gratuita
gadiel,314,premium
juan,123,gratuita
juan,123,gratuita
gadiel,314,premium
juan,123,gratuita
juan,123,gratuita
gadiel,314,premium
juan,123,gratuita
juan,123,gratuita
gadiel,314,premium
juan,123,gratuita
juan,123,gratuita
gadiel,314,premium
juan,123,gratuita
juan,123,gratuita
gadiel,314,premium
juan,123,gratuita
juan,123,gratuita
gadiel,314,premium
juan,123,gratuita
juan,123,gratuita
gadiel,314,premium
juan,123,gratuita
juan,123,gratuita
gadiel,314,premium
juan,123,gratuita
juan,123,gratuita
gadiel,314,premium
juan,123,gratuita
juan,123,gratuita
gadiel,314,premium
juan,123,gratuita
juan,123,gratuita
gadiel,314,premium
angello,123,premium
